Class,Definition,Code,is subject of (requirement),Applicable Activity,Summary of Deficiency Tony Noticed,Requirement Applicability Reviewed,Related to Asset Class (Related to Asset Class (Parent Class Name)),Related to Asset Class (Parent Class Name)
drench hose,A supplemental device consisting of a flexible hose connected to a flushing fluid supply and used to provide fluid to irrigate and flush face and body areas.,,,,,No,https://www.notion.so/emergency-eyewash-or-shower-900b1d59ec3249ebbe6e3633349a1d24,
compressor,,C,https://www.notion.so/CSA-B149-6-20-Section-13-5-1-a263508afda54417a89ef92ea9aaca17,,,No,https://www.notion.so/equipment-d39a00ef8e4c4761bc381d682c15832f,https://www.notion.so/Defined-fuel-compressor-aa3ee547111a42569e0e3dffb1e761dd
Defined: fuel compressor,compressor AND “process medium”: {fuel},,https://www.notion.so/Ontario-Regulation-212-01-Section-15-be20f451dbc64a83b3ec256b0e18c9f1,,,Yes,https://www.notion.so/compressor-e99402a5b7fb42259fd9ee919bbad33d,
boiler,,BO,,,,No,https://www.notion.so/equipment-d39a00ef8e4c4761bc381d682c15832f,"https://www.notion.so/Defined-low-pressure-boiler-5eeee1ea46e34890ac3dcf134c0ef010, https://www.notion.so/Defined-power-boiler-e5c173ed817241ca90e86c9d617f329c, https://www.notion.so/Defined-boiler-with-quick-opening-door-and-deaerator-9553d511957f43d7a3a812dcf2009e60"
Defined: low pressure boiler,"steam service operating pressure above 103 kPa (15 psig) OR
hot water service operating pressure above 1100 kPa (160 psig) or above the temperature 121C (2500F)",,https://www.notion.so/Ontario-Regulation-220-01-Code-Adoption-Document-Section-5-2-Table-1-C-42d055c484db4ff78ade3749c612e922,,,Yes,https://www.notion.so/boiler-3d186d6bc9cb4c70987f7e85f2ff1871,"https://www.notion.so/Defined-heating-steam-service-boiler-3bf2c1f79bf143f78164120f9a46f80b, https://www.notion.so/Defined-heating-hot-water-service-boiler-4a423241f2fb4511ae2889feb6e314b1"
Defined: power boiler,i. steam service operating pressure above 103 kPa (15 psig) ii. hot water service operating pressure above 1100 kPa (160 psig) or above the temperature 121 C (2500F,,https://www.notion.so/Ontario-Regulation-220-01-Code-Adoption-Document-Section-1-37-a-fb844d600cb64bd8896751e36a6621f2,,1 & 5 yr activity required; only 1-year specified,Yes,https://www.notion.so/boiler-3d186d6bc9cb4c70987f7e85f2ff1871,
Defined: boiler with quick opening door and deaerator,a boiler that is equipped with a de-aerator and a quick opening door,,https://www.notion.so/Ontario-Regulation-220-01-Code-Adoption-Document-Section-5-2-Table-1-E-d84e3923fd1545839b0c9a39fb42eb3b,,missing activity linkage,Yes,https://www.notion.so/boiler-3d186d6bc9cb4c70987f7e85f2ff1871,
Defined heating hot water service boiler,up to and including a maximum pressure of 1100 kPa (160 psig) at a maximum temperature of 121C (2500F),,https://www.notion.so/Ontario-Regulation-220-01-Code-Adoption-Document-Section-1-37-b-i-d05fac2d8cae4091b856dc67a21df96c,,,Yes,https://www.notion.so/Defined-low-pressure-boiler-5eeee1ea46e34890ac3dcf134c0ef010,
Defined: heating steam service boiler,steam service operating up to and including a maximum pressure of 103 kPa (15 psig),,https://www.notion.so/Ontario-Regulation-220-01-Code-Adoption-Document-Section-1-37-b-ii-0e533d6ee0fe4d059d14371a810ec431,,,Yes,https://www.notion.so/Defined-low-pressure-boiler-5eeee1ea46e34890ac3dcf134c0ef010,
Defined: pressure vessel,"reg 220: any enclosed unfired vessel that contains gas, vapour or liquid under pressure;",,,,,No,https://www.notion.so/equipment-d39a00ef8e4c4761bc381d682c15832f,https://www.notion.so/Defined-TSSA-regulated-pressure-vessel-78b0cef71ccf46ca8d74fa04ea01406e
Defined: TSSA regulated pressure vessel,comment: see attached picture for definition,,"https://www.notion.so/Ontario-Regulation-220-01-Code-Adoption-Document-Section-1-37-d-f6da1aba0c3c4baeaac7190ee8a2f4c0, https://www.notion.so/Ontario-Regulation-220-01-Code-Adoption-Document-Section-5-2-Table-1-D-fcedbc58c4c84395ae4fbc4579a0da73",,Why no mention of CSA B51,No,https://www.notion.so/Defined-pressure-vessel-4b7cb9e58d89436c9bea55d7f978b997,
self-contained emergency eyewash or shower equipment - COMPLETE DEF: Class:“emergency eyewash or shower equipment” & Properties:”Self-contained”: TRUE,an piece of emergency was equipment that is a stand-alone device containing flushing fluid.,,https://www.notion.so/ANSI-Z358-1-2014-on-weekly-inspection-of-self-contained-emergency-wash-equipment-77451d7bcf5f408381776a02d9f7102b,,,No,https://www.notion.so/emergency-eyewash-or-shower-900b1d59ec3249ebbe6e3633349a1d24,
plumbed emergency eyewash or shower equipment - COMPLETE DEF: Class: “emergency eyewash or shower equipment” & Properties:”plumbed”: TRUE,an piece of emergency was equipment that is connected to a continual source of potable water.,,"https://www.notion.so/ANSI-Z358-1-2014-on-weekly-inspection-of-plumbed-emergency-wash-equipment-62c03bbbbbd048e6aef8f4ee101b8a00, https://www.notion.so/ANSI-Z358-1-2014-on-Plumbed-Emergency-Wash-Annual-Test-3acee35a8e9849c8aaa13fc4ef55bd18",,,No,https://www.notion.so/emergency-eyewash-or-shower-900b1d59ec3249ebbe6e3633349a1d24,
personal wash,"A supplementary device that supports plumbed and/or self-contained units, by delivering immediate flushing fluid to the eyes or body.",,https://www.notion.so/ANSI-Z358-1-2014-on-Annual-Personal-Wash-Maintenance-efb1f6fa36034dc7b91170f6fb1fafec,,,No,https://www.notion.so/emergency-eyewash-or-shower-900b1d59ec3249ebbe6e3633349a1d24,
equipment,,,,,,No,,"https://www.notion.so/storage-tank-or-storage-vessel-78a2883e101b48a3a96d213d132c7e6c, https://www.notion.so/boiler-3d186d6bc9cb4c70987f7e85f2ff1871, https://www.notion.so/Defined-pressure-vessel-4b7cb9e58d89436c9bea55d7f978b997, https://www.notion.so/portable-equipment-or-tool-572410de200b49eb8aa1b4fe7591b4f2, https://www.notion.so/lifting-equipment-21dcb34baa7f4967b0a38f9e8aec639f, https://www.notion.so/generator-d624143704444ed7af19295ec6cd7ad8, https://www.notion.so/electrical-distribution-system-equipment-4d8277207c7145289da9c7ed69082e62, https://www.notion.so/backflow-preventer-820677d0c7e44520a83d328e2e371d97, https://www.notion.so/drip-trap-53258c3739b64abd9467cb1b73590838, https://www.notion.so/gaseous-fuel-handling-equipment-b67f88c1f72c4d94939f7701a64f0065, https://www.notion.so/safety-equipment-61fbc855887440bfb0b87ca52ed0a865, https://www.notion.so/compressor-e99402a5b7fb42259fd9ee919bbad33d"
system,,,,,,No,,https://www.notion.so/piping-system-315f3959781f42bd81154d50fa751f1b
role,,,,,,No,,https://www.notion.so/analyzer-role-23db0169fc6a44f4acb796da5f79f23e
analyzer role,,ANL,,,,No,https://www.notion.so/role-674e5d02f5b54a5d84a55e033544fa49,
piping system,,,https://www.notion.so/Ontario-Regulation-220-01-Code-Adoption-Document-Section-1-37-d-f6da1aba0c3c4baeaac7190ee8a2f4c0,,,No,https://www.notion.so/system-7e46c147f9844c34ade1d6faa29f43eb,
backflow preventer,,,"https://www.notion.so/Toronto-Municipal-Code-851-Section-851-8-D-11-c-7ada0492d8e44c5592e51af7c3305efb, https://www.notion.so/CSA-B64-10-17-Section-4-3-1-1270dea63c5e4bc28eaf04ecea7614c5, https://www.notion.so/AWWA-Backflow-Prevention-and-Cross-Connection-Control-Section-63e0f04e11024c6e906563b47e4ad29f, https://www.notion.so/CSA-B64-10-17-Section-8-3f53efe451bc4a82bcd474ccf8fce72e",,,No,https://www.notion.so/equipment-d39a00ef8e4c4761bc381d682c15832f,
drip trap,,DT,"https://www.notion.so/Ontario-Regulation-212-01-Section-15-be20f451dbc64a83b3ec256b0e18c9f1, https://www.notion.so/CSA-B149-6-20-Section-13-8-afcdf82b83e64d509fdabe6307c517a0",,,No,https://www.notion.so/equipment-d39a00ef8e4c4761bc381d682c15832f,https://www.notion.so/continuous-flow-type-drip-trap-bf25ca222cf54aa089c2970e09b53c82
continuous flow type drip trap,,,,,,No,https://www.notion.so/drip-trap-53258c3739b64abd9467cb1b73590838,
electrical distribution system equipment,,,,,,No,https://www.notion.so/equipment-d39a00ef8e4c4761bc381d682c15832f,https://www.notion.so/medium-voltage-MV-equipment-e1ac0af384bf43f79c451e7cf4548d11
medium-voltage (MV) equipment,,,,,,No,https://www.notion.so/electrical-distribution-system-equipment-4d8277207c7145289da9c7ed69082e62,
generator,,GEN,,,,No,https://www.notion.so/equipment-d39a00ef8e4c4761bc381d682c15832f,"https://www.notion.so/natural-gas-generator-9e4aa26cf9df4ca4afe5b2850b676b7e, https://www.notion.so/diesel-gas-bi-fuel-generator-7dac20e2ae85430e9c07b6ec12950036, https://www.notion.so/diesel-generator-1f2356ecf8e34f1a81f4bff1c3c3a45b"
diesel generator,,,"https://www.notion.so/CSA-C282-19-Section-d4be86fcee474db8a2af34af3eb522e1, https://www.notion.so/CSA-C282-15-Section-241e3aad99204173b048e4a85dca6530, https://www.notion.so/CSA-C282-15-Section-31decc3e68ee4a3d856287ba6cfc561f, https://www.notion.so/CSA-C282-15-Section-9fbb62aee57d4501a7cb24cbcddfd71b, https://www.notion.so/National-Fire-Code-of-Canada-2015-Section-6-5-1-5-01ba5fd9e81f46c78363d59604064d7f, https://www.notion.so/National-Fire-Code-of-Canada-2015-Section-A-6-5-1-5-1-228306cc8f48494c915041e62a4479fb",,,No,https://www.notion.so/generator-d624143704444ed7af19295ec6cd7ad8,
diesel-gas bi-fuel generator,,,,,,No,https://www.notion.so/generator-d624143704444ed7af19295ec6cd7ad8,
natural gas generator,,,,,,No,https://www.notion.so/generator-d624143704444ed7af19295ec6cd7ad8,
lifting equipment,,,,,,No,https://www.notion.so/equipment-d39a00ef8e4c4761bc381d682c15832f,"https://www.notion.so/lifting-equipment-part-5d25af8fa68b46c6879784429cd746dd, https://www.notion.so/lifting-device-b707577c7ffa483785649a67533cc004, https://www.notion.so/elevator-56c048cdefa947dbba5d327d093dcac0"
elevator,,,"https://www.notion.so/TSSA-2000-Ontario-Regulation-209-01-Section-32-b94ba6d5a1a541d4835848258714052d, https://www.notion.so/CSA-B44-16-Section-8-6-1-7-2ef1b621bcbf47d6a7eb1f8108c462d8, https://www.notion.so/Ontario-Regulation-209-01-Section-34-5c91241ae7c2452cac8a9c5158671935, https://www.notion.so/CSA-B44-16-Section-Table-N-1-1696734b108940f8b72cb2ca5432d896, https://www.notion.so/CSA-B44-16-Section-8-6-1-4-1-86a3b3f803c24f45a971b637f950688f",,,No,https://www.notion.so/lifting-equipment-21dcb34baa7f4967b0a38f9e8aec639f,"https://www.notion.so/passenger-elevator-b959f69c5eae4a19aecceb5dd33dc605, https://www.notion.so/freight-elevator-97db908ca2604760950b2f50c5ca0019"
freight elevator,,,,,,No,https://www.notion.so/elevator-56c048cdefa947dbba5d327d093dcac0,
passenger elevator,,,,,,No,https://www.notion.so/elevator-56c048cdefa947dbba5d327d093dcac0,
lifting device,,,,,,No,https://www.notion.so/lifting-equipment-21dcb34baa7f4967b0a38f9e8aec639f,"https://www.notion.so/mobile-or-portable-crane-7215f0de0aaa42a7a9cb0d9b00e9a205, https://www.notion.so/forklift-c8f9f61245874c79b021444f950c804f, https://www.notion.so/fixed-crane-7b50cdbb21e24ff49e1054bac3a6dd60, https://www.notion.so/man-lift-984d27c22a124110b0aec6db691f9cac"
fixed crane,,,"https://www.notion.so/Ontario-Regulation-851-90-Section-51-1-b-4383725d390e44519d1894276d64710d, https://www.notion.so/CSA-B167-16-Section-6-4-2-e718332fd61241d183067953feca4f25, https://www.notion.so/CSA-B167-16-Section-6-4-1-a43259f529d542098ab47625bf5edb71, https://www.notion.so/CSA-B167-16-Section-6-5-2-f091049861c941b79d38dc77967cead0",,,No,https://www.notion.so/lifting-device-b707577c7ffa483785649a67533cc004,"https://www.notion.so/overhead-bridge-crane-9ae0d66813214654a57bdcd03f721c45, https://www.notion.so/fixed-jib-crane-388a03e87b5a49bdb78e5fa233f4ac32, https://www.notion.so/fixed-gantry-crane-c1e62785c8d34588aeffbcaa180078ec, https://www.notion.so/fixed-davit-crane-30f3788ab0aa4db3a2eda82abcba4c51"
fixed davit crane,,,,,,No,https://www.notion.so/fixed-crane-7b50cdbb21e24ff49e1054bac3a6dd60,
fixed gantry crane,,,,,,No,https://www.notion.so/fixed-crane-7b50cdbb21e24ff49e1054bac3a6dd60,https://www.notion.so/fixed-a-frame-crane-3b73ce327a1240f181571e4f502d3ca7
fixed a-frame crane,,,,,,No,https://www.notion.so/fixed-gantry-crane-c1e62785c8d34588aeffbcaa180078ec,
fixed jib crane,,,,,,No,https://www.notion.so/fixed-crane-7b50cdbb21e24ff49e1054bac3a6dd60,
overhead bridge crane,,,,,,No,https://www.notion.so/fixed-crane-7b50cdbb21e24ff49e1054bac3a6dd60,
forklift,,,"https://www.notion.so/Ontario-Regulation-851-90-Section-51-1-b-66b52dd8077b4725bc183b998d66c207, https://www.notion.so/CSA-B335-15-Section-8-4-2-4ea54cdcaa254e67b2bfd5f7554a17d0, https://www.notion.so/CSA-B335-15-Section-8-2-3-97d4c71906a6464a90168d51011349cc",,,No,https://www.notion.so/lifting-device-b707577c7ffa483785649a67533cc004,
man lift,,,"https://www.notion.so/TSSA-Elevating-Devices-Code-Adoption-Document-Amendment-277-19-May-3-2019-Section-4-3-b9ac309f4ff24e57b22d5773935e69f3, https://www.notion.so/CSA-B354-1-04-Section-5-3-4-d09916b65fac4f1186b54e4ef5b54036, https://www.notion.so/CSA-B354-1-04-Section-5-3-3-378a4f76312a40a28afe54f93e48e5d9, https://www.notion.so/CSA-B311-02-Section-Appendix-A-041abdc4b40f469f9dc83da1264f19ac, https://www.notion.so/CSA-B311-M1979-Section-5-2-2-3-3-1-3-frequency-7fe410026aec481fb174aceaacac3eb9, https://www.notion.so/CSA-B311-M1979-Section-7-6-8-2-3-1-3-frequency-c9711b0bdade480b963efb2fc9cb9d9b, https://www.notion.so/CSA-B311-1984-R2002-Section-Appendix-C2-8cfc82a567d9411d9c76e4eedc1d4f0f, https://www.notion.so/CSA-B354-1-04-Section-5-3-2-ece1881b7f454457a51e059906e658e6, https://www.notion.so/TSSA-Elevating-Devices-Code-Adoption-Document-Amendment-277-19-May-3-2019-Section-8-6-1-7-b23827458f7346ea881f8ae586f14c6a",,,No,https://www.notion.so/lifting-device-b707577c7ffa483785649a67533cc004,"https://www.notion.so/scissor-lift-efa0a84f9ba44666b3250f8f119d49f5, https://www.notion.so/boom-type-lift-a15637d680624149889a4834ab643751"
boom-type lift,,,,,,No,https://www.notion.so/man-lift-984d27c22a124110b0aec6db691f9cac,https://www.notion.so/telescoping-boom-lift-8302a4d59ad749f0887b316fd82cdc28
telescoping boom lift,,,,,,No,https://www.notion.so/boom-type-lift-a15637d680624149889a4834ab643751,
scissor lift,,,,,,No,https://www.notion.so/man-lift-984d27c22a124110b0aec6db691f9cac,
mobile or portable crane,,,,,,No,https://www.notion.so/lifting-device-b707577c7ffa483785649a67533cc004,"https://www.notion.so/tower-crane-f11a91f6106e41258db63ee3e7e41423, https://www.notion.so/telescopic-crane-d7044d8b5a8e4170a513de09705504f4, https://www.notion.so/portable-gantry-crane-7072d09ab19f42f5bb054f78457986ba, https://www.notion.so/portable-davit-crane-fa979bd52b2a402bac0b6a4fb872a239, https://www.notion.so/articulating-arm-crane-1bdb39f049384b4ebfab0383cae16861"
articulating arm crane,,,,,,No,https://www.notion.so/mobile-or-portable-crane-7215f0de0aaa42a7a9cb0d9b00e9a205,
portable davit crane,,,,,,No,https://www.notion.so/mobile-or-portable-crane-7215f0de0aaa42a7a9cb0d9b00e9a205,
portable gantry crane,,,,,,No,https://www.notion.so/mobile-or-portable-crane-7215f0de0aaa42a7a9cb0d9b00e9a205,
telescopic crane,,,,,,No,https://www.notion.so/mobile-or-portable-crane-7215f0de0aaa42a7a9cb0d9b00e9a205,
tower crane,,,,,,No,https://www.notion.so/mobile-or-portable-crane-7215f0de0aaa42a7a9cb0d9b00e9a205,
lifting equipment part,,,,,,No,https://www.notion.so/lifting-equipment-21dcb34baa7f4967b0a38f9e8aec639f,"https://www.notion.so/hoist-704b49f311e4431a8f4cf701e42fe024, https://www.notion.so/sling-602f9138b2d84c3b9d0054fb164fe852"
hoist,,,,,,No,https://www.notion.so/lifting-equipment-part-5d25af8fa68b46c6879784429cd746dd,
sling,,,,,,No,https://www.notion.so/lifting-equipment-part-5d25af8fa68b46c6879784429cd746dd,"https://www.notion.so/wire-rope-sling-77c5233ab77743378ce0b629bfb2ea27, https://www.notion.so/wire-mesh-sling-f8ddec4643a9403f93c5209d6874a4ed, https://www.notion.so/web-sling-18eee6561af54394a626fe98b74b1d6e, https://www.notion.so/chain-sling-955b89ab1b20474f97408041a9afa7f3"
chain sling,,,"https://www.notion.so/OSHA-1910-184-Section-1910-184-d-ab378a867d1c432a82a6a393ab9c5fb9, https://www.notion.so/OSHA-1910-184-Section-1910-184-e-3-i-41be326b2a734ca4abc7497f339890be",,,No,https://www.notion.so/sling-602f9138b2d84c3b9d0054fb164fe852,
web sling,,,"https://www.notion.so/AMSE-B30-9-2018-Section-9-5-9-5-154709a8cf0848ae8c16a19844f9424b, https://www.notion.so/OSHA-1910-184-Section-1910-184-d-ab378a867d1c432a82a6a393ab9c5fb9, https://www.notion.so/ASME-B30-10-Section-69f40561c3fc43628e146cb6e02c786c, https://www.notion.so/ASME-B30-26-Section-e312fa1e5c334fb18975a1c3c2d8f608",,,No,https://www.notion.so/sling-602f9138b2d84c3b9d0054fb164fe852,
wire mesh sling,,,"https://www.notion.so/ASME-B30-9-2018-Section-9-3-9-5-f4fbb7f1912a4205a5950164bdaa2bf8, https://www.notion.so/OSHA-1910-184-Section-1910-184-d-ab378a867d1c432a82a6a393ab9c5fb9",,,No,https://www.notion.so/sling-602f9138b2d84c3b9d0054fb164fe852,
wire rope sling,,,"https://www.notion.so/Section-ed4c1d5af3bf423b92c3935fd9e38323, https://www.notion.so/OSHA-1910-184-Section-1910-184-f-5-1557585308f3439897ab388e2facddab, https://www.notion.so/OSHA-1910-184-Section-1910-184-e-3-i-I-e0e3d7703893420ebaee5704dbf49d3b, https://www.notion.so/OSHA-1910-184-Section-1910-184-d-ab378a867d1c432a82a6a393ab9c5fb9",,,No,https://www.notion.so/sling-602f9138b2d84c3b9d0054fb164fe852,
portable equipment or tool,,,,,,No,https://www.notion.so/equipment-d39a00ef8e4c4761bc381d682c15832f,"https://www.notion.so/pressurized-gas-cylinders-aa530d153e5c4811bb9e4c6b3c4b5663, https://www.notion.so/ladder-4f7f8bace8744d0f88601eed4b91b777, https://www.notion.so/diving-equipment-f6cc287d470c42799fda5f1ca965cc1a"
diving equipment,,,,,,No,https://www.notion.so/portable-equipment-or-tool-572410de200b49eb8aa1b4fe7591b4f2,"https://www.notion.so/scuba-cylinder-18d132097ab04a8dbafdf237646230bc, https://www.notion.so/scuba-assembly-5bcf1828b8f2498b9b82a35cd91a91e9"
scuba assembly,,,,,,No,https://www.notion.so/diving-equipment-f6cc287d470c42799fda5f1ca965cc1a,
scuba cylinder,,,,,,No,https://www.notion.so/diving-equipment-f6cc287d470c42799fda5f1ca965cc1a,
ladder,,LDR,,,,No,https://www.notion.so/portable-equipment-or-tool-572410de200b49eb8aa1b4fe7591b4f2,"https://www.notion.so/scaffold-4961170b77b24110a3655ba7386b04c4, https://www.notion.so/portable-ladder-79fddffa402d41d1aee6c4e68bce3341, https://www.notion.so/fixed-ladder-20fd58dbecb7487ba70b8c577d3be64a"
fixed ladder,,,https://www.notion.so/ANSI-ASC-A14-3-2008-R2018-Ladders-Fixed-Safety-Requirements-6413b173a21e42bd966b802a0bc4ff59,,,No,https://www.notion.so/ladder-4f7f8bace8744d0f88601eed4b91b777,
portable ladder,,,https://www.notion.so/Ontario-Regulation-851-90-Section-73-c393d513f9444288a7848b15cfd1b930,,,No,https://www.notion.so/ladder-4f7f8bace8744d0f88601eed4b91b777,
scaffold,,,"https://www.notion.so/Ontario-Regulation-213-91-Section-132-1-27afcf1edd124265b010b8edac9cc2d0, https://www.notion.so/CSA-Z797-18-Section-8-2-9781fa977f234e458b0c481d3b218514, https://www.notion.so/CSA-Z797-18-Section-8-3-b1d96ed5903244f09f7ac468c08bd6c3, https://www.notion.so/CSA-Z797-18-Section-8-4-9e69687eb1b245fdb29d9693b4aec2ec, https://www.notion.so/CSA-Z797-18-Section-8-6-699f11300e074ab29566faaf51f4f572",,,No,https://www.notion.so/ladder-4f7f8bace8744d0f88601eed4b91b777,
pressurized gas cylinders,,,,,,No,https://www.notion.so/portable-equipment-or-tool-572410de200b49eb8aa1b4fe7591b4f2,
safety equipment,,,,,,No,https://www.notion.so/equipment-d39a00ef8e4c4761bc381d682c15832f,"https://www.notion.so/safety-incident-response-equipment-408d09955bf3425ca5229ca228664ecd, https://www.notion.so/protective-equipment-a1209caa6cc548a28e5881261665623c, https://www.notion.so/gas-detection-equipment-ace9233ca1f54bc1a1c053179cc3c312, https://www.notion.so/electrical-hazard-detection-equipment-0e38bc41a2fc489ca5f851e9f9b29b47"
electrical hazard detection equipment,,,,,,No,https://www.notion.so/safety-equipment-61fbc855887440bfb0b87ca52ed0a865,"https://www.notion.so/voltage-tester-cc2bae9328b44d2a9147d378d54faea3, https://www.notion.so/hot-stick-43bb27f6025e4f0baed816146c2a202b"
hot stick,,,,,,No,https://www.notion.so/electrical-hazard-detection-equipment-0e38bc41a2fc489ca5f851e9f9b29b47,
voltage tester,,,,,,No,https://www.notion.so/electrical-hazard-detection-equipment-0e38bc41a2fc489ca5f851e9f9b29b47,https://www.notion.so/mobile-voltage-tester-ff46c5ce5bf64c71af4ea2fcde84b01f
mobile voltage tester,,,,,,No,https://www.notion.so/voltage-tester-cc2bae9328b44d2a9147d378d54faea3,
emergency eyewash or shower,,,,,,No,https://www.notion.so/safety-incident-response-equipment-408d09955bf3425ca5229ca228664ecd,"https://www.notion.so/self-contained-emergency-eyewash-or-shower-equipment-COMPLETE-DEF-Class-emergency-eyewash-or-sho-723948b08a1340bba89ae5bad289382c, https://www.notion.so/plumbed-emergency-eyewash-or-shower-equipment-COMPLETE-DEF-Class-emergency-eyewash-or-shower-eq-cfe435427a4b464797d2b0567d6c0886, https://www.notion.so/emergency-eye-face-wash-5229eb60063342198514d809f0553bd4, https://www.notion.so/emergency-shower-ed1c6324be044650afcf6dab73e8bc36, https://www.notion.so/combinational-emergency-wash-unit-9267e99ce6a748ff8713a7d29208fe9b, https://www.notion.so/drench-hose-b7ea5022d3e74e44942ef2fc548c64b6, https://www.notion.so/personal-wash-55454bfae9fd487ea8e5d962cb58b2b6"
combinational emergency wash unit,An interconnected assembly of emergency equipment supplied by a single source of flushing fluid. (ANSI),,,,,No,https://www.notion.so/emergency-eyewash-or-shower-900b1d59ec3249ebbe6e3633349a1d24,
emergency eye/face wash,"1) A device used to provide fluid to irrigate and flush the eyes.
2) A device used to provide fluid to irrigate and flush both the face and the eyes simultaneously. (ANSI)",,,,,No,https://www.notion.so/emergency-eyewash-or-shower-900b1d59ec3249ebbe6e3633349a1d24,
emergency shower,A device specifically designed and intended to deliver flushing fluid in sufficient volume to cause that fluid to cascade over the entire body. (ANSI),,,,,No,https://www.notion.so/emergency-eyewash-or-shower-900b1d59ec3249ebbe6e3633349a1d24,
fall protection equipment,,,"https://www.notion.so/CSA-Z259-17-16-Section-12-3-14d6f815a6cd460ea846f777636288d0, https://www.notion.so/CSA-Z259-17-16-Section-12-7-0907b7f59e3e4ccaa1dff3b06c237ccf, https://www.notion.so/CSA-Z259-17-16-Section-Table-6-dc0b233501bf4e0b83d1ed23d45886c4, https://www.notion.so/CSA-Z259-17-16-Section-Table-5-08b86a4d13da42c89a4250e960a57e27",,,No,https://www.notion.so/protective-equipment-a1209caa6cc548a28e5881261665623c,"https://www.notion.so/tripod-frame-6e10912f4fc04e6a83364a5036eb023a, https://www.notion.so/travel-restraint-system-4e219f01e83d4268ad9a31818332e09a, https://www.notion.so/lifeline-e52d31d04e0a482fa9abd0cf3dc27551, https://www.notion.so/lanyard-f9d99c62512f439a8b880539152dfff7, https://www.notion.so/fall-restricting-system-b6b38579ad7a4d10ad0653bccd57ce16, https://www.notion.so/fall-arrest-harness-e9ecea6e400843ba9e874bff9378b22f, https://www.notion.so/davit-arm-4ecbe011b1f544799cf962b1674782a8, https://www.notion.so/anchorage-connector-855c813be5674437ade72f98b4c50d02"
anchorage connector,,,,,,No,https://www.notion.so/fall-protection-equipment-28ad3a88878f4625a6b5b3c99a20071e,
davit arm,,,,,,No,https://www.notion.so/fall-protection-equipment-28ad3a88878f4625a6b5b3c99a20071e,
fall arrest harness,,,,,,No,https://www.notion.so/fall-protection-equipment-28ad3a88878f4625a6b5b3c99a20071e,
fall restricting system,,,,,,No,https://www.notion.so/fall-protection-equipment-28ad3a88878f4625a6b5b3c99a20071e,
lanyard,,,,,,No,https://www.notion.so/fall-protection-equipment-28ad3a88878f4625a6b5b3c99a20071e,
lifeline,,,,,,No,https://www.notion.so/fall-protection-equipment-28ad3a88878f4625a6b5b3c99a20071e,"https://www.notion.so/vertical-lifeline-ac3fd2e6499d4797954dc714a796c3bc, https://www.notion.so/self-retracting-SRL-c319721ea78042788fb746723e66e038, https://www.notion.so/horizontal-lifeline-7b621b38a6f54aff9c0afc513b442438"
horizontal lifeline,,,,,,No,https://www.notion.so/lifeline-e52d31d04e0a482fa9abd0cf3dc27551,
self-retracting (SRL),,,,,,No,https://www.notion.so/lifeline-e52d31d04e0a482fa9abd0cf3dc27551,
vertical lifeline,,,,,,No,https://www.notion.so/lifeline-e52d31d04e0a482fa9abd0cf3dc27551,
travel restraint system,,,,,,No,https://www.notion.so/fall-protection-equipment-28ad3a88878f4625a6b5b3c99a20071e,
tripod frame,,,,,,No,https://www.notion.so/fall-protection-equipment-28ad3a88878f4625a6b5b3c99a20071e,
gas detection equipment,,,,,,No,https://www.notion.so/safety-equipment-61fbc855887440bfb0b87ca52ed0a865,"https://www.notion.so/personal-gas-meter-1df8bfffdf0a4f02a052ed8cd5b63191, https://www.notion.so/fixed-gas-detector-f9e2027f0e0342e784b0229cc5e5e5b1"
fixed gas detector,,,https://www.notion.so/fixed-gas-detector-Section-b44dcd3735a3424cb4bb33e7d0880c5c,,,No,https://www.notion.so/gas-detection-equipment-ace9233ca1f54bc1a1c053179cc3c312,
personal gas meter,,,"https://www.notion.so/Ontario-Regulation-632-05-Section-18-2a667c7563204f3cb201df17cf8fe586, https://www.notion.so/Section-Personal-Gas-Meter-51c5a213c2084718bf72e534dd0c467f, https://www.notion.so/I-DS-Health-Safety-SP-10-2019-Section-03e31e90515d4fd5a2cfa4241ccd6b62",,,No,https://www.notion.so/gas-detection-equipment-ace9233ca1f54bc1a1c053179cc3c312,
protective equipment,,,,,,No,https://www.notion.so/safety-equipment-61fbc855887440bfb0b87ca52ed0a865,"https://www.notion.so/pressure-relieving-equipment-f292f850f3c5432592437d1d0c59785d, https://www.notion.so/personal-protective-equipment-PPE-8cec8953b3e741dab94b5086f1422bb9, https://www.notion.so/floatation-device-0ad6f11db9e8423ca27cf7a77a621cd4, https://www.notion.so/fall-protection-equipment-28ad3a88878f4625a6b5b3c99a20071e"
floatation device,,,,,,No,https://www.notion.so/protective-equipment-a1209caa6cc548a28e5881261665623c,"https://www.notion.so/personal-floatation-device-PFD-877bbbcaedd743f48d1f9619e0103ffb, https://www.notion.so/life-ring-033f9bf7c8e6495dae8ad0f1e2f8126b, https://www.notion.so/life-jacket-d3984c9a53d147fe8155d6d6e9a94657"
life jacket,,,https://www.notion.so/CAN-CGSB-2-65-7-2007-Section-95438dc1d3ab48e1be281aa24a49a023,,,No,https://www.notion.so/floatation-device-0ad6f11db9e8423ca27cf7a77a621cd4,
life ring,,,https://www.notion.so/N-A-Youtube-Section-899500b99c27443e8758e04b4ccdcd11,,,No,https://www.notion.so/floatation-device-0ad6f11db9e8423ca27cf7a77a621cd4,
personal floatation device (PFD),,,https://www.notion.so/CAN-CGSB-65-11-M88-Section-0438d5208f9a4b40a85814bc670b11b2,,,No,https://www.notion.so/floatation-device-0ad6f11db9e8423ca27cf7a77a621cd4,
personal protective equipment (PPE),,,,,,No,https://www.notion.so/protective-equipment-a1209caa6cc548a28e5881261665623c,"https://www.notion.so/respiratory-PPE-5fb23ec85566491989670941ad9593ba, https://www.notion.so/electrical-hazard-PPE-4c0c89fa36c74e67ac70fd2b512e8490, https://www.notion.so/chemical-suit-025feed46e6e47b686172d5446426cdc"
chemical suit,,,https://www.notion.so/ASTM-F1052-14-Section-4-2-709de60004b44d8bb1b622a248d2b212,,,No,https://www.notion.so/personal-protective-equipment-PPE-8cec8953b3e741dab94b5086f1422bb9,
electrical hazard PPE,,,,,,No,https://www.notion.so/personal-protective-equipment-PPE-8cec8953b3e741dab94b5086f1422bb9,"https://www.notion.so/rubber-insulating-sleeves-043b3ee7f2be4dc09c36122eb8ed7786, https://www.notion.so/rubber-insulating-gloves-4ceeba85fd22426fb48479b1827dcbc3, https://www.notion.so/leather-protector-462fabb1e0264598bb7b2d34cd868e9d, https://www.notion.so/arc-rated-clothing-49f8a24eba9848158bcd3d521e6a145c"
arc-rated clothing,,,,,,No,https://www.notion.so/electrical-hazard-PPE-4c0c89fa36c74e67ac70fd2b512e8490,"https://www.notion.so/arc-rated-suit-jacket-a6a2bc64a02d495e846b2e8fd7e3b589, https://www.notion.so/arc-rated-suit-hood-1ae9e58c6834415d98451fad4b85a8c6, https://www.notion.so/arc-rated-pants-aee8bfb00a7348d48c79d21a5534d486"
arc-rated pants,,,,,,No,https://www.notion.so/arc-rated-clothing-49f8a24eba9848158bcd3d521e6a145c,
arc-rated suit hood,,,,,,No,https://www.notion.so/arc-rated-clothing-49f8a24eba9848158bcd3d521e6a145c,
arc-rated suit jacket,,,,,,No,https://www.notion.so/arc-rated-clothing-49f8a24eba9848158bcd3d521e6a145c,
leather protector,,,,,,No,https://www.notion.so/electrical-hazard-PPE-4c0c89fa36c74e67ac70fd2b512e8490,
rubber insulating gloves,,,"https://www.notion.so/ASTM-F1236-96-2012-Section-1910-137-c-2-iii-30fb14b97dac44fc98cf542b51dcedc3, https://www.notion.so/ASTM-F496-20-Section-bc3008dc34054841af8abedfad3efe1b",,,No,https://www.notion.so/electrical-hazard-PPE-4c0c89fa36c74e67ac70fd2b512e8490,
rubber insulating sleeves,,,"https://www.notion.so/ASTM-F1236-96-2012-Section-1910-137-c-2-iii-30fb14b97dac44fc98cf542b51dcedc3, https://www.notion.so/ASTM-F496-20-Section-bc3008dc34054841af8abedfad3efe1b",,,No,https://www.notion.so/electrical-hazard-PPE-4c0c89fa36c74e67ac70fd2b512e8490,
respiratory PPE,,,,,,No,https://www.notion.so/personal-protective-equipment-PPE-8cec8953b3e741dab94b5086f1422bb9,"https://www.notion.so/supplied-air-respirator-29aaceae073548338b5594882ca91a07, https://www.notion.so/self-contained-breathing-apparatus-SCBA-f705efefb80041cebfd4dbaddcbfc261, https://www.notion.so/respirator-mask-deed605e4da945beabb0d7c8974f8821, https://www.notion.so/powered-air-respirator-fefc35186caa4b1db2ca4b15686fc69e"
powered air respirator,,,,,,No,https://www.notion.so/respiratory-PPE-5fb23ec85566491989670941ad9593ba,
respirator mask,,,,,,No,https://www.notion.so/respiratory-PPE-5fb23ec85566491989670941ad9593ba,
self-contained breathing apparatus (SCBA),,,"https://www.notion.so/CSA-Z94-4-18-Section-11-3-3-1-1-b490d89c802d4876bf0b325cfc9de6f3, https://www.notion.so/CSA-Z94-4-18-Section-11-6-2-87bc62ed3fac4bdba7fa28d12345293d, https://www.notion.so/Section-6210a726e72d4c33a8bbd9e9cd1b2a09, https://www.notion.so/CSA-Z94-4-18-Section-11-5-5-2-9fd4cc30a9cd437a9812c31825a99c6b, https://www.notion.so/CSA-Z94-4-18-Section-11-3-3-1-3-85a7e6ab088e4a33ba4aefda0cb7a592, https://www.notion.so/Section-SCBA-13659af723be49bca9b04ddfbbf1350c, https://www.notion.so/CSA-339-18-Section-24-2-9-2-5940c62c55994706877c81abd1cfdae8, https://www.notion.so/CGA-C-6-Section-25e782b5f7924ff68e157ef1a093e69c, https://www.notion.so/CSA-339-18-Section-24-2-9-1-6cd4318011d441f8a16ee0cfd64874f5, https://www.notion.so/CSA-339-18-Section-24-2-9-3-dce55fd0b4c94f8ca326a9ba9cf2ff54, https://www.notion.so/CSA-339-18-Section-Table-29-9d760496988c4655831e896e55e2d5c8, https://www.notion.so/CGA-C-6-1-Section-e1df0f1b65944bf5a134b9feaa4f4480, https://www.notion.so/CGA-C-6-3-Section-7162835f8f204c709ca631ddf69d226b",,,No,https://www.notion.so/respiratory-PPE-5fb23ec85566491989670941ad9593ba,
supplied air respirator,,,,,,No,https://www.notion.so/respiratory-PPE-5fb23ec85566491989670941ad9593ba,
pressure relieving equipment,,,"https://www.notion.so/CSA-B149-6-20-Section-13-5-1-a263508afda54417a89ef92ea9aaca17, https://www.notion.so/CSA-B149-6-20-Section-13-7-196deb6a9c3b46e1a018106934157391",,,Yes,https://www.notion.so/protective-equipment-a1209caa6cc548a28e5881261665623c,
safety incident response equipment,,,,,,No,https://www.notion.so/safety-equipment-61fbc855887440bfb0b87ca52ed0a865,"https://www.notion.so/spill-kit-7b850b3ad84240f6bc14fd25362b2404, https://www.notion.so/first-aid-equipment-41fec5daec634d2fb824e223d616b254, https://www.notion.so/emergency-eyewash-or-shower-900b1d59ec3249ebbe6e3633349a1d24"
first-aid equipment,,,,,,No,https://www.notion.so/safety-incident-response-equipment-408d09955bf3425ca5229ca228664ecd,"https://www.notion.so/first-aid-station-2e24f653fb404291ad14e0fb3aad5ca7, https://www.notion.so/first-aid-room-888c2a32a09d43ccba7e01b4ceafe454, https://www.notion.so/first-aid-kit-or-box-8fccc0c3c20b45fc9ad646b104dedf68, https://www.notion.so/automated-external-defibrillator-AED-d698d38ee9364f2da9cabf772bb4adef"
automated external defibrillator (AED),,,https://www.notion.so/Government-of-Canada-Drugs-and-Medical-Devices-Monthly-Inspection-cc58c3b7f87141e1bfba92acdd49c687,,,No,https://www.notion.so/first-aid-equipment-41fec5daec634d2fb824e223d616b254,
first aid kit or box,,,,,,No,https://www.notion.so/first-aid-equipment-41fec5daec634d2fb824e223d616b254,
first aid room,,,,,,No,https://www.notion.so/first-aid-equipment-41fec5daec634d2fb824e223d616b254,
first aid station,,,"https://www.notion.so/Ontario-Regulation-1101-90-Section-8-1-25663e0e58ef478893663346fd6b9a53, https://www.notion.so/Ontario-Regulation-1101-90-Section-9-1-aeb40f0f4f8349de998c65c3063f533e, https://www.notion.so/Ontario-Regulation-1101-90-Section-10-1-0fa95f0c248b402699562145528403c3, https://www.notion.so/Ontario-Regulation-1101-90-Section-11-1-7b1377aea6274ba7a85543a0b43752d2, https://www.notion.so/Ontario-Regulation-1101-90-Section-1-1-1-6-Frequency-6dd3cb8ae09d4583a56b6170a1914b5b, https://www.notion.so/Ontario-Regulation-1101-90-Section-373448acde82425e8cd6bc0e46e39fb4, https://www.notion.so/Ontario-Regulation-1101-90-Section-1-6-89973628b42748b7b057a3ddb73a22e1",,,No,https://www.notion.so/first-aid-equipment-41fec5daec634d2fb824e223d616b254,
spill kit,,,https://www.notion.so/Ontario-Regulation-224-Section-SPILL-PREVENTION-AND-CONTINGENCY-PLANS-288abb434fc6437096f5c0327a7a79c5,,,No,https://www.notion.so/safety-incident-response-equipment-408d09955bf3425ca5229ca228664ecd,
storage tank or storage vessel,,ST,,,,No,https://www.notion.so/equipment-d39a00ef8e4c4761bc381d682c15832f,https://www.notion.so/fuel-tank-7260475a6c0a49ca85670e37ae82dfdc
fuel tank,,,,,,No,https://www.notion.so/storage-tank-or-storage-vessel-78a2883e101b48a3a96d213d132c7e6c,"https://www.notion.so/natural-gas-tank-c26fdc9cdb95445b91432fc8c92090ae, https://www.notion.so/gasoline-tank-f856fad4fe5b47b59b332b663f272924, https://www.notion.so/diesel-tank-228f728d3d59413b8676a7717838fdcc"
diesel tank,,,,,,No,https://www.notion.so/fuel-tank-7260475a6c0a49ca85670e37ae82dfdc,
gasoline tank,,,,,,No,https://www.notion.so/fuel-tank-7260475a6c0a49ca85670e37ae82dfdc,
natural gas tank,,,,,,No,https://www.notion.so/fuel-tank-7260475a6c0a49ca85670e37ae82dfdc,
gaseous fuel handling equipment,,,https://www.notion.so/Ontario-Regulation-212-01-Section-15-be20f451dbc64a83b3ec256b0e18c9f1,,,No,https://www.notion.so/equipment-d39a00ef8e4c4761bc381d682c15832f,